week,event_description
1,No large gatherings or city events near the store this week.
2,Regular trading week with no special events scheduled.
3,Warehouse receiving on schedule; retail floor set per plan.
4,Local food‑truck fair in Riverside on Tuesday.
5,Large food‑and‑wine expo in University Quarter on Saturday.
6,Small food‑truck fair in Harborfront on Monday.
7,Small street farmers' market in Riverside on Tuesday.
8,Standard customer flow predicted; maintain usual staffing levels.
9,Pop‑up craft market in University Quarter on Saturday.
10,Usual marketing pushes; no extra signage or staging required.
11,No construction or transit alerts in the surrounding blocks.
12,Warehouse receiving on schedule; retail floor set per plan.
13,Local pet‑adoption day in Downtown on Sunday.
14,City‑wide national holiday parade in Old Town on Wednesday.
15,No community happenings reported in the metro bulletin.
16,No large gatherings or city events near the store this week.
17,Routine operations—standard staffing and promotions only.
18,Neighbourhood charity fun‑run in Harborfront on Monday.
19,Regular week ahead—monitor daily KPIs as standard practice.
20,Large art‑week gala in Old Town on Sunday.
21,PEAK hours unchanged; anticipate routine customer volumes.
22,No large gatherings or city events near the store this week.
23,Forecasted demand aligns with historical seasonal baseline.
24,Routine operations—standard staffing and promotions only.
25,Neighbourhood street farmers' market in Maple Heights on Wednesday.
26,Standard customer flow predicted; maintain usual staffing levels.
27,Small craft market in University Quarter on Monday.
28,Calm retail calendar; expect average weekday footfall patterns.
29,Routine operations—standard staffing and promotions only.
30,No planned road closures or district activities this week.
31,No large gatherings or city events near the store this week.
32,Forecasted demand aligns with historical seasonal baseline.
33,Neighbourhood craft market in Old Town on Thursday.
34,Local charity fun‑run in Old Town on Wednesday.
35,Major New Year countdown show in University Quarter on Saturday.
36,Normal merchandising rotations; no external factors anticipated.
37,PEAK hours unchanged; anticipate routine customer volumes.
38,Crowd‑drawing art‑week gala in University Quarter on Tuesday.
39,Forecasted demand aligns with historical seasonal baseline.
40,Warehouse receiving on schedule; retail floor set per plan.
41,PEAK hours unchanged; anticipate routine customer volumes.
42,Massive annual city marathon in Riverside on Saturday.
43,No planned road closures or district activities this week.
44,Popular art‑week gala in Downtown on Sunday.
45,Local street farmers' market in Old Town on Monday.
46,No community happenings reported in the metro bulletin.
47,Standard customer flow predicted; maintain usual staffing levels.
48,High‑profile stadium championship match in University Quarter on Thursday.
49,Stable outlook; business as usual for the coming days.
50,Local street farmers' market in Old Town on Tuesday.
51,Pop‑up street farmers' market in Maple Heights on Wednesday.
52,Forecasted demand aligns with historical seasonal baseline.
